,B,CD4,CD8,Monocytes,NK,Neutrophils
TIFAB,2.8037784960126473,0.0,3.3007470208907823,11.176859290491697,0.0,4.5265998143712025
S100A3,0.0,0.0,2.011543029272626,0.0,0.0,5.970804378090223
KLHL14,5.482375402781883,0.0,1.4020337258598123,0.0,0.0,0.0
GM44511,0.0,0.0,0.0,0.0,6.950409943774315,0.0
GM2447,3.968823718612332,0.0,0.5335040943867393,0.0,0.0,0.0
GM19590,0.0,0.0,0.6416549152076935,0.0,5.586056631832487,0.0
1700100I10RIK,0.0,0.0,0.0,0.0,4.317381851867529,0.0
DOCK1,0.0,0.0,0.3728000527839574,6.587334667857922,0.0,2.6138823847259944
TMCC2,2.6394785188370977,2.348301446100419,2.059175109935377,6.282312248200313,1.3993628782903995,2.1913221362800455
4933404K13RIK,3.7235456965612004,0.0,0.726433253698225,0.0,0.0,0.0
MIR697,0.0,0.0,7.221442027924839,0.0,0.0,0.0
SLC13A3,0.0,0.0,0.0,3.762066427007331,0.0,0.0
GM11686,0.0,0.0,7.577758699327414,0.0,0.0,0.0
CCL2,0.0,0.0,0.8412442680768042,7.179854660406461,0.0,1.4556306064928175
TRAV6D-7,0.0,9.130659736007658,7.327618096027959,0.0,0.0,0.0
GM16327,0.0,0.0,0.0,0.0,7.257421929939149,0.0
YPEL4,0.7210498188085892,2.722639590021723,0.8532767302476538,0.0,0.0,0.0
CMTM3,5.771577434481788,6.745160489287603,6.222866723748243,9.873288401695886,5.689772742907747,4.83735432124212
FOS,4.767632532377222,10.276561583569675,10.09788326684053,11.165050834022223,5.005887624189331,14.80945401750441
GM24524,3.0997360996559573,0.0,0.0,0.0,0.0,0.0
NCR1,0.0,0.0,3.5691962541810147,0.0,14.190665251119682,0.0
GM12474,0.39745993543566754,4.622470034158724,3.11042042864154,0.0,0.0,0.0
NLRP12,1.75724832785556,0.7251677245320511,0.9609374717359057,1.5512162173106299,0.6878604888271604,10.577739226681977
GM5281,3.382159305467579,0.0,0.32883529183187865,0.0,0.0,0.7150079426639251
TMEM202,1.1030056797406296,0.9331776467574459,1.2584168877633393,2.7059884649483994,0.0,7.253423283137751
CAP2,0.0,2.0024103236001536,0.5229740596826693,0.0,0.0,0.0
IGHV8-10,0.0,0.0,0.0,0.0,0.0,7.8098121889722965
GM18553,0.0,0.0,0.0,0.0,4.454845244569184,0.0
CFAP54,1.4921695095067533,1.5409526678816494,1.33243860796602,1.4763506145110417,0.9029934408826598,6.478742925948216
KLRI1,0.0,0.0,1.6118153541498088,1.4160893734187352,8.083392944782574,0.0
NSA2-PS1,0.0,0.0,8.842162459591506,0.0,0.0,0.0
GM45472,0.0,0.0,0.0,2.495572029663635,0.0,6.526313290778272
FAM167A,5.853708902213947,1.4307507573979514,1.4125828841661778,0.32357357676522774,0.0,1.1272592321921102
TRDJ1,0.0,0.0,0.0,0.0,12.133642982852955,0.0
MEIG1,0.0,0.0,0.0,1.713899740361863,0.0,6.371272984775818
GM10553,7.17057637858153,2.609507818315726,3.1787287603742227,2.789532794402643,2.8332122119282346,2.7937364076081765
CXCR1,0.0,2.1606750994796506,1.1312250211838386,0.0,0.0,7.685954133439582
FSTL1,2.3807672326640663,2.0348646958026375,2.3458466862455047,2.1309176679286947,6.36452503014777,2.1693060925624676
GUCA1A,2.5889742397756677,0.0,1.124194913262424,6.465290150477031,0.0,3.30737534976463
SPIB,11.495128498454667,2.9466962010044,6.53775071692918,2.2969549769968762,0.827003819383364,4.850048914495632
1700082M22RIK,1.1982557901191129,0.0,0.0,0.0,4.517827065128821,0.0
4921527H02RIK,0.0,0.0,0.0,0.0,4.749192736300349,0.0
GM26226,0.0,0.0,6.621372907177019,0.0,0.0,0.0
GM9920,0.0,0.0,0.3582038852699841,5.071983933941494,0.0,0.0
GM10552,7.591648260916533,2.244724111933275,2.05836319241294,2.4336253206387783,3.0609308041565884,3.3881870541697543
GM15832,3.0605726574926146,4.301594770544327,3.78196146391529,5.135231417449678,2.4339725654763287,9.749565854354678
IGHV1-36,8.445296219231647,0.0,3.3726010874000067,0.0,0.0,0.0
TRBV31,0.0,10.013774688664515,8.309109847999688,0.0,0.0,0.0
GM5321,0.0,0.0,2.8522036392482755,0.0,0.0,0.0
SLC16A14,0.0,0.0,0.0,1.5009365219291315,0.0,6.906130386991471
IGHV8-7,4.959511755238625,0.0,0.0,0.0,0.0,0.0
PRRT1,0.0,3.8725188779971904,7.907383568021578,2.3004345539405975,3.704337180077152,0.0
CD300LG,0.0,0.0,1.292255021047641,9.236727317140602,0.0,1.1225790241384273
IGHV1-15,11.181386522543077,0.0,6.857025441413066,0.0,0.0,0.0
GM22422,3.816169704195727,0.0,7.531084592624328,0.0,0.0,0.0
MIR6974,7.356546429448426,0.0,0.0,0.0,0.0,0.0
KLRB1C,0.1523512859742408,1.0694722952594995,5.433446347357229,1.268623001320898,13.207664922816445,0.0
GM16125,0.0,0.0,0.0,0.0,3.948722399149111,0.0
RPL31-PS10,2.9867237066743773,2.383838113983636,5.853708902213947,3.1719633022133054,0.0,2.1835088793136777
FCGR1,0.2681618821521631,0.0,1.8646487865138568,8.99928400130965,0.0,4.478786780079845
IGHV1-4,10.006851015548719,0.7525750326918903,5.1592120885687915,0.0,0.0,1.2757965024769207
GM16053,2.4025227913724176,1.2124234997217918,5.965905238593235,1.1498925830233957,0.0,1.977133414406754
1700011D18RIK,0.0,0.0,3.3096141130001016,0.0,0.0,0.0
PLXND1,6.57330373265663,5.198535641918655,3.119243947756916,9.866809486512679,0.0,4.829412203415057
MGL2,0.0,0.0,0.0,3.7458269564373827,0.0,0.0
GM14681,3.6602182149980393,0.0,9.010979983296677,0.0,0.0,0.0
NCMAP,0.0,5.309434445386334,1.4197314740072575,0.9344366459746598,0.0,0.0
GM7862,4.771226413897516,0.0,8.166475482782154,2.3026412059264163,0.0,0.0
ASB5,1.2497657919221736,1.3292820691541392,0.8063886958071149,2.4849713142846426,5.794746870090599,0.0
AMER2,0.0,0.0,0.10555686515067829,0.0,0.0,8.173962896497848
RND1,1.6674738430342908,2.2619547656109518,1.9388089361052554,3.446684223040743,0.0,8.436636189835653
SNORD71,0.0,0.35108080667246055,0.0,0.0,7.20105003271628,0.9358962793844372
TRAV14D-3-DV8,0.0,8.451304659026835,6.940227076020092,0.0,0.0,0.0
GM21769,0.0,0.11498255917443106,8.240529650241943,1.088730972374501,2.056335898923935,2.419146058554059
CDH22,0.0,0.0,0.31236328845821293,0.0,7.144821541808871,0.0
GM20479,0.0,0.0,0.0,3.3243095949244523,0.0,0.0
GM45033,0.5095618218181883,2.6445196665567137,0.4751066205455858,0.7552018309731852,7.0005876324120155,1.3334272099690903
GM47345,0.0,3.198792475969782,1.8407333507763302,0.0,0.18474710221108667,0.0
GM50139,0.0,0.0,4.6927481266580475,0.0,0.0,0.0
GM20743,0.0,0.0,0.0,0.0,6.124871323053125,0.0
GM23969,0.0,0.0,8.623269506853923,0.0,0.0,0.0
RPL30-PS1,3.5267690097796653,0.0,8.056181137911299,3.816169704195727,0.0,0.0
MRGPRA2B,0.0,0.0,2.7978828558467614,2.6907720308583345,0.0,10.14740742631852
MST1R,0.0,0.5211521502626588,0.4326521497274956,4.779558897843604,0.0,0.0
4930459C07RIK,0.0,0.0,0.0,0.0,0.0,6.31253397246336
RPLP1-PS1,0.0,0.0,3.1598523088336714,0.0,0.0,0.0
GM44331,0.0,1.5760083095078454,0.0,0.330718485647408,1.085436313252909,5.582183251528967
GM37352,1.9822811416396915,3.2014732049583037,3.457723901537137,4.9450719755253045,4.429801105284543,9.166288326633671
BANK1,10.846725972745052,3.1082768348806944,5.412190145151705,4.294991942605967,3.630045778027221,7.736768652804539
GM12468,1.2649327664372847,0.6452654899577686,4.7183021616027485,0.33178738563281485,0.0,0.886953832207005
DEPDC7,1.5729171468998295,0.0,0.665460214727698,6.257379360029975,0.0,0.0
GM48942,1.3934870386828382,8.208542097090831,2.073530348249003,1.2226205964877634,6.5446646286608265,6.310741363746454
GM15899,0.0,0.0,0.0,10.932923863677559,0.0,0.0
EPHA4,0.0,0.0,0.12203071071114133,3.1402368170301367,0.0,0.0
GM50386,4.557741453365956,0.2621293614785497,0.5857698406643884,0.0,1.6555328940647756,0.0
IGHV15-2,6.982582626090915,0.0,0.0,0.0,0.0,0.0
GM24233,0.0,0.0,0.0,0.0,4.540711204905385,0.0
GM12089,0.0,0.0,0.0,3.1652945929472223,0.0,0.0
MRGPRA2A,0.0,0.0,0.0,0.0,0.0,8.39911478548103
GM16549,0.0,0.1934379008005513,0.0,0.0,3.86609180268342,0.5042039696886557
GM23734,0.0,0.0,0.0,0.0,4.217894725284761,0.0
GM11712,0.0,0.0,0.0,0.0,5.709174999337221,0.0
STYK1,1.39825464284858,0.5280279608759659,1.9641294665256948,1.3738043810321439,10.942992007594889,2.3556672226425923
GM3234,0.0,0.0,0.0,0.0,3.3590913870459813,0.0
GM4813,0.0,0.0,0.0,3.1695881948208156,0.0,0.0
OSBPL3,3.120745336517677,3.451688010047721,6.038366565063773,6.088740984069897,10.644408783636726,4.7609812502904685
PAPSS2,1.6012487779333089,1.1942255880104133,0.9797350600959082,7.103621055911823,0.8074343688120955,2.8037784960126473
MT-TK,8.054047797899251,0.8417245508322502,0.0,0.0,5.184568439726975,0.6988819704480187
SYNPO,0.6784174548189057,3.9912673084139416,2.509999399380488,0.0,0.8801051616552376,0.0
TBC1D24,1.5554167217791721,1.9834053073614253,1.689133715405299,5.0333773693884645,0.6575035736701036,1.586125512866005
DNAJC6,0.4023868010229652,2.9867237066743773,1.1313537215971594,0.7198605094037722,0.0,0.0
IGHV1-39,11.308432299725169,0.0,6.614458455853221,0.0,0.0,0.0
UPB1,2.031441832277581,1.278328024507009,1.1192979418232143,5.768864870989776,1.299662656763523,0.0
TRBJ1-6,0.0,0.0,0.0,0.0,12.943077456090302,0.0
TMEM221,2.5760855536488565,3.9478442391763933,6.4695199578032305,3.646258882477066,0.0,0.0
JAM2,0.0,0.10719675658498924,0.0,1.0399437754577523,5.245929722795948,0.0
IGLV1,13.626708105919157,4.921528829897232,9.558110306547258,0.0,0.0,7.99054518909136
SIGLEC1,0.681594692586384,0.599186712534564,0.7659632476838314,6.035009229610823,0.0,2.8897816630241655
H2-Q10,7.799798339992952,8.083800915068412,8.971832793903548,5.319461023035698,8.0846276074012,12.896807568444729
TUBA3A,0.0,1.2193153450831509,0.0,0.0,0.0,0.0
PIP5K1B,4.402102123932169,2.7483935945167577,2.480007123440828,3.1479535254031727,2.206287505273728,8.142114325796534
GM13007,0.0,0.0,0.0,3.1512542072658043,0.0,0.0
CSF1,4.543069866782038,2.794279909924785,3.017687889169063,4.767301324675119,0.3403075060500765,9.884473486340973
SLC9B2,1.1500017043260937,3.351592144076056,1.4169607042982546,0.0,0.5586125206192638,0.0
GTSF1,0.0,0.0,0.0,4.043839492983133,0.0,0.5270853596414209
BCAR3,10.081024179737387,2.5659908740829875,3.457723901537137,0.6076209746938355,0.0,4.859244653604248
GM8069,8.27222018560251,0.0,11.379107307287775,0.0,0.0,0.0
IGLV2,12.465776016997289,3.3143284406134557,7.732878786632882,0.8508300704899191,0.0,5.255435658162435
TREM2,0.0,0.0,1.3555124788986346,8.881232595421775,0.0,2.8656776657104377
IGKV6-32,12.093283392542737,3.312006171825303,7.60490010287464,0.0,0.0,0.0
TRAV14D-1,0.0,9.458957708517978,7.6713921016796185,0.0,0.0,0.0
ITGA1,0.4107272845308442,0.5258067159631221,1.9468276955682262,6.987097776686297,3.497648347222525,1.5054848265937892
CD163L1,0.1014741546534556,1.4123020675975402,6.389104146074347,0.3506248735776678,0.9060856225611363,2.1130109092645633
GM6637,4.478657096806039,6.364916977333833,6.346129437208032,0.0,13.228804809036212,0.0
GM40787,5.850429610259113,0.0,0.0,5.404153005171244,0.0,9.794057141567874
IGHV5-15,7.932343276303894,0.0,2.8732247378773845,0.0,0.0,0.0
GM49739,6.5725450589327465,0.0,11.806552318644615,8.699841601329421,0.0,0.0
IGHV14-1,8.967192847090356,0.0,3.999828196048502,0.0,0.0,0.0
IGHV1-54,9.2768034096319,0.0,3.731440028008069,0.0,0.0,3.9232682871310054
COL23A1,2.1054595250381727,1.8675022807154362,4.747770229301816,0.34506383150159015,0.706500683186106,0.0
GM44261,0.0,0.0,6.554243817189594,0.0,0.0,0.0
GM12305,0.0,1.7162522107510125,0.0,0.0,0.0,0.0
NYNRIN,0.0,0.9231146054878108,0.4238159637342346,3.9640362970999146,0.0,0.0
MCUB,2.395040721453785,5.070626544621799,4.756494504253279,10.105118446089012,2.4462001252593932,3.8419950863995904
MT-TP,0.0,0.0,0.0,0.0,9.812820814603992,0.0
GM48721,0.0,0.0,2.6323354766284726,0.0,0.0,0.0
ARHGEF37,0.3329528874362695,1.127591833377056,1.8299429143485815,9.487369629915266,0.28617518295395494,2.175127459859777
MT3,0.0,0.0,2.8307656528113103,0.0,0.0,0.0
GM38192,1.4153431227115267,2.436837629345513,1.2097016091936776,1.6844764179460128,2.924399886484781,7.771084606909355
GM48707,0.0,0.0,0.0,0.0,4.044768808403717,0.0
P2RY13,2.0188881021227507,0.0,1.4382241311937274,4.257124070121474,0.0,9.440541766631682
GM17151,0.0,0.0,0.0,0.0,4.196779667823687,0.0
TRPV4,0.8375270038241125,1.577903930104699,1.4084645520262877,5.077167374440966,0.0,0.0
TMEM38A,3.2926139651066424,3.2873210826169097,3.7725115533224844,4.764420552256723,1.8469692241458828,8.83068824883586
IGKV3-9,5.775734445293945,0.0,0.0,0.0,0.0,0.0
GM17873,0.0,0.0,3.0746286619101877,0.0,0.0,0.0
GM24576,3.5938289691196825,0.0,0.0,0.0,9.737320523990359,0.0
MIR6418,0.0,0.0,0.0,5.729160804734891,0.0,0.0
TNFRSF4,4.50920685135623,10.710172318069514,7.0997476601555585,4.312562153223821,3.4880876659157796,4.736704743548994
GM43835,0.0,0.0,6.091368045977442,0.0,0.0,0.0
ADGRG6,0.329093439819109,0.0,0.0,4.1138956201542225,0.0,0.0
1700047G07RIK,0.0,0.0,0.0,0.0,5.042002986428592,0.0
GM4432,0.0,0.0,0.0,0.0,4.120992555965437,0.0
H2AC6,1.0545748787824194,1.412948882403343,1.441432746186997,2.1748999216407934,1.2411762932978334,6.789978595351513
IGKV4-92,7.710719801014079,0.0,2.8978826486396057,0.0,0.0,0.0
GTF2IRD1,2.898578513690401,7.01705969816453,5.395783959870333,4.202208728364183,2.495893069695666,3.0399325764943583
SFXN5,4.509048750327481,2.6754204220772175,2.609185651783504,5.326943900410889,2.7809782355538264,9.868123848848068
IGHV2-4,6.890115482422631,0.0,1.3923786696711276,0.0,0.0,1.0871127774836251
BFSP2,8.223068483146028,1.207292094080589,3.886017760194087,0.0,1.6652838910021626,0.0
GM45353,3.5142299493546503,3.4884903782259236,8.228678923664802,0.0,4.999211344443312,0.0
ZFP318,8.57632009579353,4.656995598533252,5.1592120885687915,4.8054921717504016,5.299617218503894,3.4880876659157796
E330020D12RIK,7.102189845840474,3.2966273728369044,3.4232713299309587,3.8036771590546166,0.9784141282771595,2.948167847144264
GM44888,3.6407909354951675,5.457027690417826,2.172630865889287,0.0,1.7602472830907328,0.0
CHRM4,0.7662430724399552,2.6412109535932085,1.3715966660457823,0.0,0.0,0.3433970467067393
OLFR655,0.207831639653706,0.0,0.0,0.0,4.242595282009022,0.0
TMEM151A,0.0,0.0,1.5637294338909218,0.0,5.299120459549981,0.0
IGKV4-69,8.910430349871202,0.0,4.590399071330337,0.0,0.0,0.0
GALNT6OS,0.0,3.4988874376787855,1.1732516076559225,0.0,1.8721496356575753,0.0
IL17RB,1.3429293132675433,3.6245622659206735,1.5149003684890374,2.3121815763582356,2.0014416524333942,0.0
GM39383,4.2125800290139725,0.0,0.8817285984574156,0.0,0.0,0.0
GM14279,3.3274630777754624,0.0,5.822044453906453,0.0,0.0,0.0
CACNA1E,6.859813642494412,1.118276515791468,1.5672374114633456,0.8307486309760288,0.7799765555613647,3.584830873760075
GM30018,0.0,0.381417354040691,0.0,0.20897365268950557,4.02040202355048,0.7759051138931019
S100A9,0.0,3.353992308609067,11.74007066828594,10.817462358431552,0.0,20.293337381955478
IGLC3,14.341105148684637,5.041322380785942,9.511031816445552,1.412948882403343,0.0,7.5890824690053
GM10719,5.214923916778801,5.612389174872549,4.545473061084262,0.0,18.668059814671597,5.346131816038116
GM13373,0.0,0.0,0.0,7.36379587182967,0.0,0.0
GDF3,0.34318143078806385,0.0,0.43460334501202713,4.461333623841972,0.0,0.0
KHDC1A,0.0,0.9310266539130401,0.7774870408998781,0.0,5.814929982242303,0.5238865494374951
ACVR1,1.4011042436130543,1.4872116603429784,1.5153270838421453,6.029456205313494,0.6072124611532623,1.2236805930954517
CXCL9,0.0,0.0,1.2697046373971874,4.342179297391649,0.0,0.0
C5AR2,2.5197977132911715,0.0,0.4631804886331852,3.8648514081069942,0.0,8.865200113753094
CD79B,13.773601941524188,6.0993957032356985,9.331894170957627,7.052335056030741,2.9978780277470376,7.8188334350320865
SDCBP2,2.0067821474766863,7.637712457972104,6.021581783120796,0.9964266416683176,0.6981910982007072,0.0
FCRLA,11.46194925007724,3.271671060426737,6.755881904342655,1.450846201841817,0.0,5.0365581836764
GPX3,3.446279199951431,1.622430791879355,1.2603819629753712,7.564212227899871,1.2035220619491784,2.6342837747507075
SMIM5,3.325327497653845,2.2077055742630325,2.4974247712829944,8.604268893434767,1.151718760793663,4.9802452078156225
TMTC3,1.8268986094544843,2.1908028913421576,1.4448707098953717,5.457027690417826,0.8775352455888323,0.0
GM28694,2.9351358336306563,0.0,0.0,0.0,0.0,0.0
GM15971,0.0,4.59474535019921,0.0,0.0,0.0,0.0
S1PR5,0.0,2.238408541184408,6.595425871399979,6.63336140505999,11.206718787653502,3.4909829203581335
FAM71B,0.0,2.5502690234308885,6.493171851589009,0.0,0.0,0.0
CLDN20,0.0,0.0,0.0,3.6113646497052585,0.0,0.0
PHACTR3,0.0,0.0,1.8819637016997415,0.0,9.355721486446136,0.0
GM17116,0.0,0.0,1.0107860326884053,0.8398651094425339,0.0,4.734209815727253
LY6A2,0.2642186066106399,0.31383284895579666,6.476466172927241,14.293203987862341,9.685060827766545,8.664106966064843
MED12L,1.669497053912489,1.1429729078075965,1.8548633877392389,2.106234790143421,2.0815296234979446,6.124574213268407
SYN1,1.2645422357500222,0.722321160599553,0.6803147519040396,1.409964074469522,0.0,6.4592196848206385
IGHV8-12,11.252474189827296,0.0,6.995054265911338,0.0,0.0,7.409963072015909
SEMA6A,0.0,0.0,0.0,0.0,3.3274630777754624,0.0
UGT1A2,0.0,0.0,0.0,0.0,0.0,4.406653432079551
SLC22A18,0.0,0.0,0.0,4.860028603771536,0.0,0.0
TMED10-PS,0.0,0.0,0.0,3.753512597808238,0.0,0.0
IGKV2-107,3.073642487771724,0.0,0.0,0.0,0.0,0.0
GM6900,0.0,0.0,2.8660620706946327,0.0,0.0,0.0
SNRPN,0.0,0.0,3.2374253289516153,0.0,0.0,0.0
IQSEC2,3.2365949095251105,0.990673998481787,1.432374355636305,6.821522429443174,1.536516101016569,0.0
IGKV6-14,9.42452712468662,0.9886226496309454,6.229402086576295,0.0,0.0,1.274357781853133
GM22345,0.0,0.0,0.0,0.0,6.827736845505289,0.0
B4GALNT4,0.0,4.848492179337927,2.0500024418224734,3.2203385284139294,0.0,0.0
PPBP,0.0,0.0,1.1378974192761169,1.2094231431340143,0.0,7.369201861823146
GM14173,2.973681797891827,0.6681779199539575,7.0780447017288175,3.228347298914813,0.0,0.9662083071002805
GM14703,0.9312330711963887,0.0,1.152286404622155,1.0840831191475964,1.2406780290026014,7.002050623246179
GM47719,0.0,0.0,0.0,0.0,0.0,7.126591665469352
CD5,2.0276770547054364,11.862963908913212,10.590186830362278,2.218054712393297,0.0,3.049518407307607
GM5417,0.0,0.0,0.0,4.9788572450416115,0.0,0.0
GM26781,0.0,0.0,0.0,0.0,4.538119327170707,0.0
CD83,11.201436037852655,6.955399123402233,5.764887980493038,4.520029270815609,3.4573985735574317,4.3058949126948365
GM48377,1.5336689707313387,1.0045561811976316,1.1122136514310963,0.0,4.874902406172108,0.0
PTGS2OS2,0.0,0.0,0.0,1.9130065965236536,0.0,7.10804260641802
SESTD1,1.3601750774177526,2.652435904941467,1.5166293919144542,6.960969492463544,1.6076679882027172,0.967412055591775
GM11474,1.9410918802486667,0.0,6.447372700529291,0.0,3.885758816029811,0.0
E230014E18RIK,0.45550149664663,0.0,0.7057471777699763,2.9873406535370886,0.0,7.270124880307886
MYL9,0.5878543998346013,0.0,1.3431428916625356,0.0,0.0,6.387845980767983
IGKV8-27,12.133642982852955,0.0,7.717874717693714,0.0,0.0,0.0
GM11966,0.0,0.2841655567888183,13.965755446557418,0.0,0.0,0.9313863724419698
IGLC2,13.959798149616926,5.835839176190801,9.396968447339134,1.3631506083974583,0.0,7.87989227865523
GM7618,5.678024329893534,5.527298289344866,8.694682471581526,0.0,0.0,0.0
5033428I22RIK,0.0,0.0,0.0,0.0,4.946824223115538,0.0
HPSE,6.529471286512829,2.0486107639532998,3.119243947756916,9.86500322175872,1.5733956078954714,4.678682948827527
TBX21,3.634531449677368,4.922164985056684,8.507198917616915,0.431106260195231,12.043830126023552,0.0
1700071M16RIK,0.0,0.0,0.0,1.9560337192271418,0.0,7.866413819231646
H2BC4,6.286208128358604,5.529334433673631,3.950781303954906,6.004700830420575,5.878463787682077,10.246633332587031
GM9028,4.045025409947917,0.0,6.907620824231142,0.0,0.0,0.0
INSYN2B,0.0,1.9292378408633861,0.0,0.0,6.0894033395926765,2.4745104614397078
MGAM,0.0,0.19725400383050212,0.491447668812446,1.9975169641990647,0.0,9.051509445182365
GM5735,5.841511117975335,5.259650073883658,9.536097132414618,0.0,0.0,0.0
IGKV4-78,7.231538286296339,0.0,0.0,0.0,0.0,0.0
GM16020,2.5492126094785466,0.0,6.857554275701082,0.0,0.0,0.0
SNORD15A,5.196279095412607,5.15957747254609,8.713959663710737,0.0,0.0,0.2650916936056873
CAR1,0.0,0.0,3.2313413218944476,0.0,0.0,0.0
GM14466,0.0,0.0,2.783728180686043,0.0,0.0,0.0
GM48260,0.25975517597487596,0.2262693457397725,0.0,0.0,4.960336878818227,0.5552042751885666
GM4997,0.0,0.0,2.89488454994056,0.0,0.0,0.0
PROS1,0.9669900880007125,2.584902353697596,2.627407584869375,7.613197039230289,1.278328024507009,3.7168128303334678
9830107B12RIK,0.0,0.0,0.6274228323590625,4.208843091698075,0.0,8.771464131674005
CYSLTR1,0.9085201655339612,0.5582286705963581,0.3398950680692535,7.081970167999954,0.0,3.854519941183689
FN1,2.7335762855289087,2.9245355291882804,3.3497497198493313,12.896807568444729,1.8230192889022767,5.819807988914464
5730488B01RIK,2.7977831868612486,0.0,0.0,0.0,0.0,0.0
KLRA9,0.0,0.6674342025984548,5.4338043250991115,0.0,12.619224432232548,0.0
GM48583,0.0,0.0,0.0,9.329295289019333,0.0,0.0
CCDC146,0.7211538494558671,0.0,0.18933526842477677,1.109529477652904,3.102425153767287,7.510541938994173
ASGR2,0.0,0.0,0.0,3.2143135185564464,0.0,0.0
GM42820,2.5336408694683525,1.2771043408182547,0.7100931186196071,2.7573222822054357,2.151276618725837,6.447372700529291
GM22581,0.0,0.0,6.822191386464072,0.0,0.0,0.0
MMP28,0.17960422885608357,0.0,0.2616954933007325,5.183532473407013,0.0,1.3616527181432976
PSAP,11.051083871534182,10.174405642514078,11.379107307287775,16.227494859835566,9.649134936639904,12.632343586518992
GM20568,3.7636840625597117,0.0,7.938264623205193,3.162231488153313,0.0,0.0
LINGO1,0.0,0.0,0.0,0.0,4.907537359069429,0.0
IGHV5-6,10.370012258105387,0.0,4.898939436352482,0.0,0.0,0.0
LY6G,0.0,0.0,3.1743728829281945,3.881466850489983,0.3585851870439343,9.839735731230782
PXDC1,9.477253866674765,1.5432253093485013,4.23312797326621,1.401612920066857,1.206854812368564,5.3080790762458925
SLC40A1,0.0,0.6104633989190076,3.1407880448934034,2.8960007569994817,1.4302176698943523,12.710746409415153
RNF217,0.0,0.0,0.03529186937418569,4.101430490707655,0.0,0.5472299387813297
GM16144,0.0,0.0,0.0,0.0,5.371211413391141,0.0
MT-TC,0.0,0.0,0.0,0.0,12.22472782044269,0.0
GM12657,0.0,0.0,0.0,3.675960714890643,0.0,0.0
NRP1,1.0484548560505038,4.845576987824436,3.1259007224789817,8.750245667622414,2.521019648397717,5.217186429293596
EGR2,4.9371465770257625,7.067200997318253,4.88604886239033,3.36924301622662,4.564039428071204,5.672646111219989
IFNLR1,2.4183407820780927,0.0,0.8691489654049903,1.1412890084651663,0.0,7.417809448676087
OSBPL6,0.0,0.0,2.9154559539294898,0.0,0.0,0.0
CHIL3,0.9087010717517021,3.557164622821025,6.448076831419476,14.798298537060798,0.5019988983443575,8.570765103799285
IGKV5-48,12.051668338627861,0.0,7.697505757261631,0.0,0.0,0.0
TRBJ2-2,0.0,0.0,0.0,0.0,7.3512412937237315,0.0
STEAP4,2.64478860553882,0.24201202518861073,1.0873647311966286,0.0,0.0,10.33995199707007
RMRP,3.6530730039050647,6.694193009727355,9.842298098170147,4.3938128514687715,0.0,0.0
IGKV5-37,6.366734107565828,0.0,0.0,0.0,0.0,0.0
IGHV1-77,8.719996900778021,0.0,3.827150273504266,0.0,0.0,0.0
GM6654,0.0,0.0,2.9057307070985274,0.0,0.0,0.0
RAB27B,0.0,0.0,0.35875464950799435,0.3444199574034891,5.854529425308733,1.1918467273982223
TRAV4D-4,0.0,9.106091423455062,6.390871726850145,0.0,0.0,0.0
KCNE3,0.0,0.0,1.0277584910439623,7.26314795517655,0.0,0.0
GM10645,1.1873762543977855,0.0,0.0,4.258489118102283,0.0,0.0
MFSD7A,0.0,0.0,1.3899203785978402,8.897755224293096,0.0,2.404981622531672
GM22362,0.0,0.0,0.0,0.0,3.381237004588718,0.0
GM19696,0.7787459990077743,0.899830193897277,1.7582320264180549,1.475228501478861,0.8550306263032985,9.728504072048565
IGHV2-6-8,7.008811229842762,0.0,3.2524820084870045,0.0,0.0,0.0
GM13831,0.0,0.0,0.0,0.0,4.946703744525965,0.0
TRIM9,0.0,0.0,0.0,0.43750553922909186,0.0,4.92271445142597
GM34225,5.650325505643121,0.0,0.2512372975177585,0.0,0.0,0.12362584534199829
GM20405,0.0,0.0,0.0,0.0,3.853491043246045,0.0
GM48333,3.177490011034885,0.0,0.0,0.0,0.0,0.0
IGHV7-3,10.534799941429181,0.0,5.46073367724172,0.0,0.0,0.0
GM20431,0.0,0.2769971993341293,0.0,5.278061914761917,0.5275376898679239,0.6859911838244868
RPS26-PS1,6.441504622955922,3.684333574463455,3.134019200034083,6.574997075425392,13.186810751497145,0.0
CYP4F37,0.0,0.0,0.23435967743415098,4.616479812344862,0.0,0.0
GM21370,0.0,0.0,0.0,4.4124518227619856,0.0,0.0
GM15372,0.0,0.0,0.0,0.0,0.6655199706324516,4.596334742091788
IGKV4-58,9.447741927485312,0.0,4.089216968722859,0.0,0.0,0.0
2410003I16RIK,2.8675981087689357,0.0,0.0,0.0,0.0,0.0
RPL32-PS,0.0,0.0,2.5479323049068805,0.0,0.0,0.0
RPL30-PS2,0.0,0.0,3.2524820084870045,0.0,0.0,0.0
SNORD37,0.0,0.0,0.0,0.0,3.7170425934988085,0.0
TMEM171,0.8868327183792429,0.0,2.27215497394052,1.7118018529882622,6.134082632208797,0.0
RBX1-PS,0.0,0.0,0.0,0.0,7.819204045107343,0.0
GM49522,0.0,1.255157124653525,0.0,0.0,0.0,0.0
DERL3,8.979630974182037,2.8271164716727832,4.196779667823687,2.071198430715053,0.7280419029149117,0.0
GM44931,2.0367497081195056,3.445828660926537,1.7196463215219797,0.0,1.9998593802502467,2.2419174570245346
TMEM179,0.0,0.0,0.0,0.0,4.515160807221633,0.0
KLRI2,0.0,0.926719012817081,2.588040800259742,2.6856361415087693,11.79011383210519,0.0
CACNA1S,5.945225487921782,1.4393862623651974,2.764197191080331,0.0,0.0,0.0
SNORA68,0.0,0.0,8.656576206485127,0.0,0.0,0.0
C230066G23RIK,1.7594183383210895,3.353992308609067,1.8538456880075858,1.746605644910359,6.675971214524591,0.5103156758548171
IGKV8-30,12.114379355499238,0.0,8.368268637555659,0.0,0.0,0.0
GM10180,0.0,0.0,12.263309714272815,0.0,0.0,0.0
SNORD35B,0.0,0.4201486425799613,0.0,0.0,10.39968101782178,0.7340993371677444
MIR1931,0.0,0.0,0.0,0.0,8.299630390363623,0.0
GM43587,0.0,0.0,10.720458020117084,0.0,0.0,0.0
GM6158,0.0,0.0,9.018440934420365,0.0,0.0,0.0
GM49958,0.0,0.0,0.0,0.0,3.928285567863748,0.0
ANGPT1,0.7162314140039917,0.0,0.5160691408904754,1.8819637016997415,6.359013953528196,2.6511067386826497
H2-EB1,14.751059234000671,7.076949475962879,10.217653860834522,7.750966722518974,3.3588051675785255,8.7241293018933
2010016I18RIK,3.9971412118814227,10.27879282492528,9.066360158299101,4.962809097700271,8.519665542258782,4.134960464693876
IGHV5-12,8.525309462125719,0.0,4.449757197098074,0.0,0.0,0.0
RPL31-PS3,0.0,0.0,4.361039485890533,0.0,0.0,0.0
RPL9-PS6,2.0657784884230512,1.531289730410524,1.5378606873041178,0.0,9.729014925577498,5.099139414284278
GM25394,0.0,0.0,6.595567582404859,0.0,0.0,0.0
TNP2,0.0,1.4804842666000462,3.975318434876157,0.0,0.0,0.0
IGKV1-117,13.244261857364538,0.0,9.000251013527814,0.0,0.0,7.338727984865226
PPM1N,0.0,0.0,4.2923129405101035,0.8781522500714689,0.0,0.0
IGLC4,7.253423283137751,0.0,0.0,0.0,0.0,0.0
GM43584,0.0,0.0,0.0,0.0,4.497753651939177,0.0
SNORD22,0.0,0.0,12.577520529017729,0.0,0.0,0.0
CCDC189,2.796093701173939,1.8721496356575753,2.386488528084776,3.7513729377056215,2.088981819293439,8.250159151872747
GM47727,0.0,0.0,0.0,0.0,6.317321691404876,0.0
GM6963,0.0,0.0,0.0,0.0,5.739540236672274,0.0
IGHV3-8,9.24258109490878,0.0,4.234996811628661,0.0,0.0,0.0
GM37353,0.0,0.0,0.0,0.0,5.244614842620163,0.0
UPP1,0.0,0.0,1.3951286892437822,3.232709250626907,0.0,9.030104588748125
TBC1D4,2.7125181622195544,7.3532807127801885,4.3449438074696305,4.7327756461190225,0.5160691408904754,4.131358575389601
GM13568,2.53089325738542,0.971292317489782,1.127764092498575,3.122126425652647,7.402670955842382,0.0
MIR8113,0.0,0.0,8.25147667549929,0.0,0.0,0.0
AY074887,1.0787863041337002,1.4994195545366389,1.0324132186979351,0.0,5.118404868960067,0.0
RPS2-PS6,2.883557990376089,2.2656599136645887,6.0721923781215015,2.3758569946113823,0.0,0.0
GM44165,0.0,0.0,0.0,2.2040809446978686,1.1142817918277024,6.623167328207091
GM18988,0.0,0.0,0.0,0.0,7.794799180722182,2.0325035005118415
GM50341,0.0,0.0,0.0,0.0,0.0,7.279692859794187
MSANTD3,0.0,0.0,0.9958345367058055,7.620002485780285,0.0,4.327956731330798
GM17555,0.5609847138529971,0.5160691408904754,0.33882616889827255,1.1634244603203754,5.622624282132559,1.8462161329754856
GM42809,0.7814551031046488,4.660429921875394,2.760682033138764,1.5310175676745126,0.0,1.8653486719901755
DHRS9,0.0,0.2345571568552995,0.5342495816435889,0.7759051138931019,0.0,10.091442868633305
GM35769,0.2497523258837701,0.0,0.0,0.9885874766304066,0.2668704202411416,4.749192736300349
CACNA1H,4.691207268302067,0.0,1.3979605721458332,0.0,0.0,0.0
GM2974,0.0,1.3591936513622784,0.0,0.0,0.0,0.0
CRYAB,1.1257178067800935,0.0,1.2993490338212692,4.885206068263339,0.0,0.0
RHPN1,0.10785241528616721,0.0,0.9659538227010572,0.0,6.48182206646182,0.0
SDC4,9.917135950325019,4.830119054500875,3.7189754676614806,2.1748399727989884,7.185980296427537,3.268877612806747
MT-TY,0.0,0.0,0.0,0.0,11.070842577870643,0.0
H2-OB,12.943077456090302,9.006701949028308,9.328953682985826,4.751605531692325,4.371802570391076,6.165576267868312
GM26447,0.0,0.0,11.136552085843984,0.0,0.0,0.0
GM9416,0.0,0.0,2.667529897992517,0.0,0.0,0.0
GM3511,4.6555624048849005,4.566978531330218,7.175568789040952,0.0,0.0,0.0
IGKV13-84,11.403522515237245,0.0,6.397206879335186,0.0,0.0,0.0
P2RY6,0.0,0.0,2.0024103236001536,9.016888962851944,0.0,5.798146567526009
GAL,0.0,0.0,0.0,3.1524073125508902,0.0,0.0
GM48116,3.0069716146632626,0.0,5.781153858406396,2.2608442890081983,0.0,0.0
TNFRSF11A,1.309896884588822,0.43307811750973124,0.46699589943453035,4.781833492598909,1.2099160730565806,1.7230084080632602
YPEL1,2.222962937633354,4.002518787907082,3.3588051675785255,2.6099186806289882,7.502192238222613,4.204314556444264
CD40LG,0.0,9.672447930595276,2.8711503274521797,0.17579723625599336,0.0,1.518202525685043
5830411N06RIK,0.0,1.4299094182882532,7.203814518889681,0.0,0.0,0.0
GM23318,5.27528328518243,1.5525696292696756,2.097331540890136,1.2283155865985687,0.6246140613010314,2.0948014660825036
IGHV3-2,4.960336878818227,0.0,2.097331540890136,0.0,0.0,0.0
FZD4,0.0,0.0,0.08668679179248258,4.830654341318725,0.0,0.9127526488901047
IL4,0.0,4.430638250459839,1.2256053524151116,0.0,0.0,0.0
ALDH1B1,4.587437482304745,3.8290392402273135,4.519682617050558,8.481549307129326,2.831067327894184,0.0
GM50277,1.1135776723003086,0.0,0.0,0.9025924962668106,0.0,4.835485298312218
GM8482,0.0,0.0,3.07883120977706,0.0,0.0,0.0
IGHV1-18,12.265289440527798,0.0,7.953481386422004,0.0,0.0,0.0
IGHV1-69,11.082625470450083,0.0,6.198319441757834,0.0,0.0,6.7767691940192165
2610204G07RIK,0.0,2.85441025073393,0.0,0.0,0.683602910496861,0.0
GM20528,0.0,0.0,0.0,4.9390837180864064,0.0,0.39953420844486265
GM4045,8.459449768746566,5.3683648223192115,10.982448638748885,7.9972314386585825,3.0563994026834846,5.246266775948892
IGHV1-38,5.324669955487404,0.0,0.0,0.0,0.0,0.0
GM12469,0.0,0.0,5.5705518827837635,0.0,0.0,0.0
AA467197,3.722945845756619,3.7352400895130153,3.1587118298751062,2.886331605187388,0.21705588860949027,9.187922236634122
VPREB3,10.904234152198438,2.7611343556031525,6.091368045977442,0.0,0.0,0.0
SNORD83B,7.299191482106933,0.0,10.874610355185897,0.0,4.8121854383871145,0.0
RETNLB,0.0,0.0,0.0,0.0,0.0,4.621124158393819
GM20762,0.0,0.0,4.223056129997986,0.0,0.0,0.0
4933440M02RIK,0.0,0.0,2.746240701458275,0.0,0.0,0.0
HCAR2,0.0,0.0,2.694704017832991,3.704337180077152,0.0,9.738571706048509
OSCP1,2.521818112761591,0.9766676373279072,1.5612178870932698,2.7670706181187286,0.52643090917643,8.6087713425532
CTNND1,3.0361167435409078,0.0,0.9111962823310177,7.211699150911845,0.0,2.2589825977919906
GM43755,0.0,0.0,3.155437882065871,0.0,0.0,0.0
IGKV5-45,9.281484075704821,0.0,3.701323418104673,0.0,0.0,0.0
SHTN1,1.5708365105962292,0.6563525489923927,1.002343842052069,4.898667181010108,0.0,0.0
5930403N24RIK,0.6489984635622292,0.12908074708224604,0.0,1.709575949029426,0.0,6.605452239877014
GM50054,0.0,0.4022038502987682,0.0,0.24436206547429012,10.121465591006613,0.7648599601291428
PPP1R3D,0.0,0.0,0.9878024923297584,5.1133096537840785,0.0,9.358499036877799
GM48175,0.0,0.0,0.0,0.0,3.5293700721837125,0.0
IGHV1-62-2,10.299925310713714,0.0,5.490939667468689,0.0,0.0,0.0
GM38171,2.73342739426242,0.7487345928545621,0.0,0.0,0.0,8.555508591388179
IGFBP6,0.0,0.0,1.755269233366531,2.6969826953031624,3.0170471793034865,6.739568886798572
IGHV1-66,9.736850638686212,0.24960669351456694,5.961085926729606,0.0,0.0,0.7093466054587863
IGKV2-112,9.976325615633076,0.0,5.225437751147638,0.0,0.0,0.0
KLRA13-PS,0.0,0.0,10.476355601743304,0.0,14.32175425263479,0.0
GM10819,0.0,0.0,0.0,0.0,3.4495281561292215,0.0
ENTPD3,0.3969688290803945,0.0,0.06773362419374533,0.0,0.0,7.6009739727234855
GM12319,3.605646857513114,2.975262610034535,7.940491243206617,5.109113177350739,2.7426417278702626,0.0
IFI205,0.6967421760350087,0.7636925897920419,2.472623403077515,8.469487719961243,0.19223926352303367,0.0
GM16553,1.9641294665256948,0.0,0.0,2.5525870568466793,0.0,6.447049624727286
ALPL,4.877573901863171,1.6345584071161439,1.9267990023841177,0.0,0.0,0.0
KIT,1.940207664543435,2.32443553172335,2.338632368584327,3.913374112604341,7.492248981468078,4.057117717067845
GM49258,0.0,0.0,3.458726563667979,0.0,0.0,0.0
CMA1,0.0,0.0,3.0339746406087866,1.1414750363739656,10.843662568634283,0.0
MT-TD,0.0,0.0,0.0,0.0,7.61848290614003,0.0
GM6361,0.0,0.0,0.0,0.0,6.245207806544761,0.0
GUCA2B,3.4632450708413858,0.0,0.0,0.0,0.0,0.0
GM6851,0.0,0.0,0.0,0.0,8.160149195005019,0.0
GM2511,0.0,0.0,0.0,0.0,0.0,7.954680471619694
CACNG8,0.4260559291589644,0.0,3.747133085681709,0.0,0.7307984803150012,0.0
GM45808,0.0,0.0,0.0,3.186642019033611,0.0,0.0
GM12291,0.0,0.0,5.570774765229699,0.0,0.0,0.0
NXPE2,6.41496705176494,0.38261741173384467,1.9238629392303759,1.499258741403576,0.0,1.299662656763523
GM4735,0.0,0.0,0.0,2.1403081068693695,0.0,6.85207987376154
GM22060,0.0,0.0,0.0,0.0,7.076949475962879,0.0
GM9806,0.0,0.0,0.0,0.0,5.200194765401335,0.0
ESPN,1.411144049577227,6.740895934904838,3.3662369448702556,4.312562153223821,2.148112991590512,0.0
TRAV4-4-DV10,0.0,8.855724684388903,7.179165583913345,0.0,0.0,0.0
LRP5,2.2335261352705604,3.218644739681799,3.2626507306946095,7.74381274017959,0.9029934408826598,4.189700208080611
GM23119,6.525689069244999,7.796695454253596,10.782445779987848,6.450528493790536,4.510325639772306,0.0
GM40773,0.5734612498113417,2.530313771419217,5.299617218503894,0.7233493727773868,0.3143313033059352,1.6172553912016125
IGHV1-76,10.978966201193156,0.0,5.716269434690109,0.0,0.0,0.0
SNORA65,0.0,0.0,9.911825389195894,0.0,0.0,0.0
SNORA62,4.632552516427731,5.067817051349871,7.53384064549078,0.0,0.0,0.0
CYM,0.0,0.0,2.470205365391031,0.0,7.868584974311032,0.0
GM15198,2.953557573408315,0.0,7.17057637858153,3.3160522877849576,2.3283716702404074,0.0
GM43108,4.767733521449929,0.0,10.11885587186795,0.0,0.0,0.0
SMYD1,0.0,0.0,3.9659229674903216,0.0,0.0,0.0
NIPAL1,0.0,5.178277424848305,3.1174081842133408,0.0,3.150833097674585,0.0
GM34589,0.5544548758575841,0.0,0.0,2.7657783586891806,0.7727863187380046,8.12083142745745
GM34680,1.2210614999328429,1.2210614999328429,2.9359088539325695,2.7034765703985713,1.8757742838030307,8.721243946584853
MIR467F,0.0,0.0,0.0,0.0,4.878707115808206,0.0
GM7582,8.342731816041217,2.282409185818691,3.531635709145315,3.6592823582568403,0.0,0.0
IKZF4,0.8840163028400894,5.585760330135246,2.846343266380773,0.0,0.0,0.0
IGKV4-62,6.447049624727286,0.16951840419067377,2.254904072549626,0.28420827915141855,0.0,1.971935382042155
GM45268,0.0,0.0,0.0,0.0,5.764487650120458,0.0
GM34215,6.500717266656208,0.0,1.8389498154318102,0.0,0.0,0.0
IGKV4-74,10.29503865147747,0.0,6.42565456364325,0.0,0.0,0.03140960186485537
FAM83A,0.0,0.0,0.46442675211920054,5.497432523007932,0.0,0.0
KLF4,2.0673496305464125,4.802268423438466,5.9296026494662755,10.570103784074343,1.4293686922055553,5.779598658750946
H2BC6,3.107442699185089,3.0944366672115238,2.526521540037275,3.051827080391461,4.432179571503245,8.244424186128757
GM47441,0.0,0.0,11.858222215661355,0.0,0.0,0.0
RALGPS2,10.91248464542895,7.823734867788025,7.513719550964708,6.024379205515676,2.218054712393297,5.4652601495417965
IGHV2-3,10.118042946409894,0.0,5.34474132656439,0.0,0.0,0.0
GM33973,0.0,0.0,0.0,4.416206073476097,0.0,0.0
GM12033,0.0,0.0,0.0,3.6654053096431527,0.0,0.0
LAYN,0.0,0.0,0.0,5.183267931437078,0.0,1.1257178067800935
CDKL1,4.847887075471956,0.0,0.8307486309760288,0.0,0.0,0.0
A930002I21RIK,0.0,2.4482724501802817,6.682911696546382,0.0,0.0,0.0
IGKV10-96,13.588607842696302,4.665276286488245,8.906593245126679,0.0,0.0,4.931826461045995
IL5RA,7.137948076678333,1.1281451762837003,1.4203714216943162,0.0,0.35018322212566977,2.5843161168556286
GM43581,0.8769463505087605,2.4144135712672874,0.8204187214365565,0.0,0.4577018036161128,0.0
TCEAL8,2.391521008557831,0.5565272621744273,1.2343748210576062,6.787907703068735,2.156014602148443,3.5983376594021346
GM48720,0.0,6.080239353282153,2.31253016227794,0.0,0.0,0.0
GM44264,0.0,0.0,0.0,0.0,5.241088423601743,0.0
TMEM40,2.0442365073750444,0.0,2.0636619719190143,3.2876542135431963,0.0,8.660039335705504
GM48302,1.003891528614583,0.0,0.0,0.0,1.308896701574164,5.079556792242439
GM45153,2.220947712327588,1.56488041645409,0.9695154798763421,2.4343993948792364,0.9798314885325335,7.107112500857167
TSHZ3,0.0,0.9497070206602884,2.0238215708646017,0.0,7.194971029606206,0.0
GM43481,3.0049066165069935,5.001080117304748,3.0544200088711886,1.4859023793895636,3.509737542165472,1.225662180781826
TESC,2.229343472334718,9.351041978469933,7.564375230365513,0.0,5.459732867349398,5.527298289344866
LRRC75B,0.23621881548019696,2.991861590228749,6.438577065650824,0.0,0.0,2.7878343451153667
ENO1B,0.0,0.0,0.9885874766304066,1.9350970969799772,0.8097300877297984,5.582183251528967
GM6236,0.0,0.0,0.0,0.0,0.0,5.232183837664971
PRSS12,2.574522075439123,3.4317326468986953,6.401899549849148,0.0,1.6294463988175272,0.0
MS4A1,12.097012710375992,2.9623359256405797,6.218159827020693,0.8165514770253578,0.0,6.595425871399979
GM15563,0.0,0.0,0.0,0.0,4.545473061084262,0.0
KYNU,8.302174753127392,1.4827783554000518,1.940605451319822,4.764568623465075,0.0,0.0
GM48641,1.9882086538427717,1.1322308680027384,0.0,1.6175523608398321,6.46797116495711,0.0
GM48435,0.0,0.0,0.0,0.0,3.5525381819973663,0.0
2600002D14RIK,3.5281246974384395,0.0,0.0,0.0,8.428110240854815,0.0
GM15536,0.0,0.0,16.495589685547806,0.3897701111405342,0.0,1.4389955511000665
CSTDC4,1.5979007788474129,0.0,3.096221026024266,0.9742535920389881,0.46004882945331177,12.245328845378877
BATF2,0.6664472750865911,0.0,0.0,5.433446347357229,0.0,0.0
2610024D14RIK,3.3039509958296662,8.148068909603317,4.691985122046045,0.0,5.36429398941591,0.0
GM44245,0.0,0.0,0.0,0.0,0.0,6.222560652254131
ABCA6,0.7752003492509252,0.0,0.0,5.907930927825194,0.0,0.0
LY6D,13.105778980737597,6.271713963103598,9.136966022885638,2.7089807755113577,0.0,6.8288307290205275
GM50037,0.0,0.0,0.0,0.0,3.7974681688244,0.0
IGHV5-1,2.6389135269486164,0.0,0.0,0.0,0.0,0.0
PGLYRP1,9.495612745860665,8.002139003617671,10.167600418189618,9.025688351541408,10.889831688172222,14.544887059441006
CLEC4B1,0.0,0.0,1.442498650785288,7.0720443791229215,0.0,0.0
GM11534,2.654422572396429,0.0,5.6519520969317885,0.0,0.0,0.33109177469442996
GM49025,0.0,0.0,2.657639505959626,0.0,0.0,0.0
IGKV19-93,12.670201997216548,4.665276286488245,8.695438313089982,0.0,0.0,6.218159827020693
SNORA21,5.846282973391601,0.0,9.273463157282848,0.0,0.0,0.0
IL31RA,0.0,0.0,0.47348042043160443,4.86019262605828,0.0,0.0
KLRC1,0.0,3.120745336517677,8.089514286513257,0.0,12.22956699062602,0.0
CAPNS2,1.4091224731901546,0.0,0.0,2.83370431166494,0.0,7.625273024107302
GM11483,3.6750311779104523,3.5525381819973663,6.197509654289416,2.369632332340931,1.3108374703310726,0.0
GM26535,0.0,0.0,0.0,0.0,0.0,4.254251729230266
1110018N20RIK,2.792351587538433,0.0,0.0,0.0,0.0,0.09635639022171548
TRAV12-3,0.0,7.538672978220198,6.061288502853338,0.0,0.0,0.0
APBA1,0.6210278209126399,0.0,0.7731658045639412,7.663661799356662,0.0,0.0
9530062K07RIK,2.6519044273875743,1.3735293454591084,2.631919668871384,1.953350470507711,0.7227004675074582,6.29180881066449
GM48614,0.0,0.0,0.0,5.14783657330889,0.0,0.0
PROK2,0.0,0.0,0.0,0.0,0.0,4.236367346589786
GM18303,0.0,0.0,0.0,0.0,0.0,5.382865386356817
GM37376,3.4746210173790586,5.900345831511212,2.5843161168556286,0.0,15.050884265494854,8.080048051760706
TRBJ1-7,0.0,0.0,0.0,0.0,9.897725429667554,0.0
SCARNA17,0.0,0.0,8.712109501698382,0.0,0.0,0.0
GIPC2,1.1271909205804622,0.0,0.901478770778481,0.0,5.611687097760994,0.0
GM8189,0.38051235961982754,5.779912325805608,4.229544925942322,0.9593978301307267,2.9252605869195327,0.0
GM34150,0.0,2.2479200835590634,0.0,0.0,0.0,0.0
GM49342,5.457027690417826,0.0,0.0,9.382930200106035,0.0,5.536742155589934
GM20657,1.523282418271918,0.0,6.246897353144076,0.0,0.0,0.0
PPFIA4,1.4601222718475722,1.1670195245792172,2.573253733560903,9.667584331489625,0.0,3.3800532403587034
GNAT1,1.4307507573979514,2.2705671033155235,1.0381617942158097,0.0,6.036829413576903,0.0
RAMP3,1.531289730410524,7.687990536703916,4.7940238227021945,0.0,0.0,0.0
RUFY4,0.6853056606338628,0.1294752352511157,1.895304709616798,0.7847095672797297,0.0,8.793628356440458
GM49927,0.0,0.0,4.333129599673908,0.0,0.0,0.0
TMEM51,1.4356415095766293,0.0,3.6780857975615335,9.61721261256241,5.777704066375351,4.700522798064624
TEX15,1.0628505770186183,1.4368420720324022,1.1526314785797784,0.0,0.362289075097997,6.068987379166375
IGKV2-137,10.605632446238285,0.0,5.743352017666867,0.0,0.0,5.136642048968497
1500009L16RIK,0.5025353799594257,1.278328024507009,4.510325639772306,0.0,0.0,0.0
GM26049,0.0,0.0,0.0,0.0,9.185517796683754,0.0
ITGAE,1.0923776007386214,3.022606933263795,7.489796544617446,0.6524258605482514,3.2374253289516153,2.9178487059403073
GM48275,12.33142596720699,7.345577544693851,9.166288326633671,9.720661543533378,0.0,0.0
GM44174,0.0,0.0,12.854505164510297,0.0,0.0,0.0
MIR1892,0.0,0.0,10.040301562237676,0.0,0.0,0.0
GM10384,0.0,0.0,0.0,5.083705195446246,0.0,1.8914111962171751
4933426B08RIK,4.31806392513038,0.4767941534109832,0.6042084002054833,0.18055629786976463,0.44584301363599776,0.8134382282386476
CR2,11.63813369957994,3.1719633022133054,8.671072986643084,0.0,1.38154514896529,5.005483012850897
MYO10,2.3593946493365614,5.936851283807625,0.9439133149423804,2.0470882963615735,0.7776122749264254,3.06671454642915
CPD,2.7270893216972376,2.1746634278274075,1.5617266900661289,5.989573617245101,2.7502256165315235,10.297245694258303
GM48358,3.2263139391811553,3.029638575708381,2.1164835456276228,4.200928983856817,2.470718165805284,7.89388147456831
GM24924,0.0,0.0,0.0,0.0,0.0,7.423918338389205
IGHV1-53,12.632343586518992,0.0,8.576261082185553,0.0,0.0,7.199069887889535
GM48040,0.0,0.0,0.0,0.0,4.566621708018449,0.0
GM43302,0.0,0.0,4.810538564794955,0.0,0.0,0.0
GM47732,0.0,0.0,0.0,0.0,5.7929487554199515,0.0
IGKV11-106,4.193774279932203,0.0,0.0,0.0,0.0,0.0
GM16333,0.0,0.0,0.0,0.0,5.09447543239661,0.0
POU2AF1,11.455190768346482,6.9002979301513605,7.483252956604899,0.897434015680462,0.0,5.09526123598508
RNU11,0.0,0.0,6.498546731427118,0.0,0.0,0.0
CXCR2,0.9601936223611001,0.2690165170705212,3.1271404988266616,3.273512838335235,0.7137535061186784,14.39825525998939
GM24809,3.1753495290512985,0.0,0.0,0.0,9.188126158525147,0.0
DLG5,0.0,0.0,3.7416901085197662,0.0,0.0,0.0
IGHV5-17,10.994110814346463,0.0,6.301791915358102,0.0,0.0,0.0
4933432I03RIK,1.2703563391577317,0.0,0.0,0.0,0.0,6.7022424673966725
RILP,1.3830946201159136,0.8375270038241125,1.3545583262003766,4.787354932725529,0.0,0.0
GM19721,2.4379554442162874,2.4217420709200304,2.1000144842346415,3.2222660425989096,1.5149003684890374,6.948641054237562
CHRM3,0.0,1.030507784166363,1.5950921068193344,2.4840053808789935,0.0,7.581427225410446
TAS2R135,0.0,0.0,0.0,1.1942616622728688,0.0,7.118370898917425
SLC27A2,0.0,0.0,0.0,0.0,0.0,5.245929722795948
GM13394,0.0,0.0,0.0,3.6258830484441655,0.0,0.0
GM44180,0.0,0.0,0.0,3.284455068316552,0.0,0.0
FAM184A,1.1848271567906739,0.6393593656660728,1.2220731345463296,0.0,6.044605594227854,0.0
RPL12,10.92838989321831,11.34206921653906,13.92256742218877,10.153328339139208,9.209221674433223,6.917916260754639
PTPRO,0.34269650575526617,0.0,2.8917259738896792,10.414242672554511,0.0,3.790948483736014
RNASE2B,0.0,0.0,0.0,5.403329983340071,0.0,0.7416987398489931
PCP4,5.752357869456838,0.0,1.771146862895431,0.0,0.0,0.0
GM20513,6.666938664086338,0.0,1.9645406653994257,0.0,0.0,0.0
GM13123,0.0,0.0,5.895684225694405,0.0,0.0,0.0
KBTBD11,5.964821532823983,9.451289080280016,12.22472782044269,5.632831053461622,6.3102462924367355,3.13831970699005
CCR6,10.178817647365891,4.308827637399075,3.3221080936227567,0.0,0.0,0.0
MYZAP,4.7769443898020025,1.5202265823506622,1.5711269669709145,0.0,0.0,0.0
RPL30-PS3,0.0,0.0,4.4266717276460525,1.8469692241458828,0.0,0.0
GM11874,0.0,0.0,0.0,4.726224960990779,0.0,0.0
GAMT,3.902312138301535,2.1083031315894587,2.256972491421319,7.243922521775386,2.2354778929396586,2.2916749173808277
IGKV16-104,11.74007066828594,2.530226125138128,7.467297546430593,0.0,0.0,1.7928200474497582
GM37401,1.5760083095078454,1.073339528938789,1.3334272099690903,2.6453185784526037,6.525994802979858,0.4708380771510426
GM43144,0.0,0.0,0.0,0.0,0.0,5.360029049312338
4933431G14RIK,0.0,0.0,0.0,0.0,0.0,3.9065147435733762
GPR25,0.0,0.43610454372511887,0.0,0.0,6.699897138088939,0.8055907707042753
GM45665,2.8681654989392453,0.0,0.0,0.0,0.0,0.0
KCNA2,0.0,1.4347244167865854,3.988528712397404,0.0,0.0,0.5349611780660422
GM36161,1.2680170148468957,1.1585651970865105,3.7046680028309633,11.27820565266482,0.49841324879126137,7.5964008101253535
GM16372,1.7293369951494812,1.5808381118322878,2.085860123099854,5.2798827957468735,2.0699470164943743,0.0
IGKV3-2,11.662380669385584,3.0855595931513253,8.171435243780186,0.9320402075228141,0.0,2.3917159494839035
CCR9,2.709698071603805,3.692869294059604,7.697760358001647,1.423466197740872,0.9352348683505692,0.0
PDIA5,0.9134348324418782,0.0,1.1327275996301598,5.652941505447879,0.0,0.0
RPL38-PS2,0.0,0.0,0.0,0.0,0.0,9.611932210432148
TNFRSF23,2.336582762277967,3.458356449636158,3.0067436237212393,3.9082157817705165,4.123179619177202,8.399663181288272
PLCD3,4.693804970105123,0.5085968798706113,1.1124717404981237,0.5101437461608462,0.44743029880819807,0.0
GM11815,2.4177558721272954,0.8733662345100206,1.1779811243637404,0.0,2.463580835898036,7.9910658428013015
TMEM51OS1,0.0,0.1911749505876578,0.6202443888872797,4.50849335748501,0.33610756486926685,0.8915817149500292
SCARB1,6.721590529351804,5.942671939864573,6.200712926682966,10.475439834163325,1.9181988420835199,6.668694183532493
AI463170,0.0,0.0,0.0,0.0,0.0,5.766305376800889
NINJ2,0.0,1.4698735158525589,4.178784019379829,0.0,0.0,0.0
NXPE1-PS,5.767477073973062,0.0,1.9282257461988412,9.085124128855888,0.0,0.0
IGKV6-20,11.050589855931623,3.1827576311236596,6.905099325578306,0.0,0.0,0.0
AU019990,1.5617266900661289,0.5417221675178923,0.8721518476664938,2.923790503901174,0.09333909689007738,7.578223661074392
KCNC1,0.2480196610739004,1.5180294246288644,4.612993580985684,0.0,1.3757057730091333,0.0
ZSCAN10,0.0,1.9020668739297029,0.43182096997742914,0.0,0.0,0.0
DACH1,0.0,0.0,0.3308769889353096,2.9149967295067896,0.0,6.574318474784038
GM37524,0.0,0.0,0.0,0.0,0.0,5.320470550388638
GM8054,0.0,0.0,3.2547642002701336,0.0,0.0,0.0
MAP3K6,0.3530304820497572,0.5393282370512981,0.9186723176110636,6.206465026585743,0.0,0.0
GM10720,1.4554529803036633,1.9162834107004851,1.1257178067800935,0.0,13.8053140012717,0.0
IGHV2-7,3.0372251226279086,0.0,0.0,0.0,0.0,0.0
GM11619,0.0,0.0,5.094588910891034,0.0,0.0,0.0
GM3667,0.0,2.3769927243847673,0.0,0.0,0.0,0.0
CDC42BPB,4.908573097369892,2.017081571325232,2.9556044532219214,8.067770448071748,0.0,2.254345097957109
GM49391,0.0,0.0,0.0,0.0,7.11476937608516,0.0
CEACAM10,0.0,0.0,1.4422463178197464,1.094800091520846,0.0,9.317026573139152
EPHX4,0.0,2.3665241831841497,0.7716330548084166,0.0,0.0,0.0
PSMA8,0.5593643012479581,0.0,0.0,3.9674149582564486,0.0,0.0
TSPAN32OS,0.0,2.146116530912092,0.0,0.0,0.0,0.0
CCL3,4.309084294524486,5.772987143002692,8.189068238129565,6.557050442179598,11.46194925007724,7.195610611100443
IP6K3,0.7949976443594555,0.0,0.7184127055685411,5.691196843283381,0.0,0.3308893583695083
TAS2R143,0.0,0.0,0.0,0.33346017995849364,0.0,7.3853028677485275
GM42462,2.692037604117073,3.003288460578257,1.6674738430342908,3.4479607939215473,0.2858429308356911,7.302438418205243
TRBJ1-4,0.0,0.0,0.0,0.0,10.875549965284822,0.0
GM17767,0.3273894369677609,0.20570062448892773,0.21123391697315025,3.7384712899175065,0.0,0.0
ADTRP,0.5085968798706113,0.0,0.9259798579661531,1.670923833417243,0.0,6.012832226056021
CRISPLD2,0.6310569057134462,0.08779113102098582,0.9266606283258845,3.0317572476141637,0.0,9.010979983296677
GM47765,0.0,3.005968561670496,0.0,0.0,0.0,0.6953902625689146
KLRA17,0.0,0.8957584884371441,1.414723541395623,3.0756185850392805,1.3988695079817597,9.537601592407555
CLEC10A,0.0,0.0,2.7335762855289087,8.198975735159706,0.0,0.0
GM3940,2.3904102984485456,3.2634030386205843,3.0905368524239476,0.0,10.162714639155483,0.0
FTH-PS2,2.5720072663298907,3.144094263706351,1.9755792950961293,3.2799119629525606,2.6372302328153743,7.17057637858153
DST,1.7230084080632602,4.160882308893859,1.5045045755124598,1.4061464096164946,1.3943485325149816,0.0
GM25379,0.0,0.0,0.0,0.0,5.913310435819817,0.0
ELANE,0.0,0.0,3.3851249209412257,7.103295498413935,0.0,0.0
GM29721,0.0,0.0,1.0711430351560733,0.0,5.433446347357229,0.9475415847193296
GM13387,0.6108349836932608,0.722321160599553,1.558901302834827,0.0,5.355520944191918,0.0
COL26A1,0.8482199606111117,0.0,0.0,0.0,4.600815168387141,0.0
LIPC,5.269238325088685,0.0,1.274357781853133,1.3353335280311422,0.0,0.0
GM13022,3.218644739681799,0.0,0.0,0.0,0.0,0.0
FOXP3,0.0,7.596696810548975,3.824106117829813,1.002728905110086,0.0,0.0
GM26165,6.457259288974537,0.0,9.773639080984331,0.0,0.0,0.0
GM44258,0.0,0.0,0.0,6.494886561400859,0.0,0.0
GGA2,10.07365357628494,5.32112073544364,6.260446529755041,6.134748431584531,3.54502469639909,5.267565435637382
RPL36A-PS3,1.6531628050133205,0.0,9.311410360920377,3.233813160915933,0.0,0.0
1700062C10RIK,0.0,0.5788760194459222,4.331575808496571,0.0,1.1183329120633774,0.0
GM10443,0.0,0.0,0.0,0.0,12.543336524028557,0.0
TREM1,0.4732546365858791,0.0,2.5622450482358987,4.104658227318591,0.0,10.577739226681977
TMEM176B,6.3676066589254345,5.1494849920402626,5.513541463187682,9.94187786619123,6.021581783120796,5.98626687755141
IGKV4-51,7.925379969022719,0.0,2.3149462763902013,0.0,0.0,0.0
F13A1,0.5204245044639401,1.911499750708912,2.7576859949706787,12.743731585682848,0.0,5.349081944047775
GM6988,0.0,0.0,2.774857306865237,0.0,0.0,0.0
IGKV4-73,6.3475506618134565,0.0,2.9198476650322407,0.0,0.0,0.0
GM48805,0.0,2.054571828747086,0.0,0.0,0.0,0.0
GM11810,2.584146853404956,2.7508150934499698,5.3670095604915415,2.092965299861105,0.0,0.0
IGKV4-91,11.157972703197998,0.0,7.026103262215454,0.0,0.0,0.0
TNFSF13OS,1.6175523608398321,1.0052599206252788,2.31448348289873,7.598706804316909,0.869438309334053,0.0
IGHV1-63,8.279523870483766,0.0,4.493222892611628,0.0,0.0,2.9051037867479805
SNORA69,5.991970979611473,6.085007229424843,9.328306900768364,0.0,0.0,0.0
JAML,4.3860504984814925,4.948285725466484,8.127565472489938,6.670155321100441,4.443696543523005,12.978033454351205
GPR27,0.0,0.2596058153712687,0.20225055161648303,0.3310501975962112,0.0,4.168266974446571
ALOX5,0.0,1.1890829471734934,3.052147300734402,6.511585824729882,0.0,11.28715685933274
GM20768,0.12973401136505738,0.3632064709356222,0.34052327294448204,1.4021368693890515,0.5751463560909724,5.11887081593047
GM26920,0.0,0.0,3.018891864307818,0.0,0.0,0.0
SNORD65,0.0,0.0,0.0,0.0,7.237862137514249,0.0
IGHV1-58,8.779744043626748,0.0,4.6957972928195915,0.0,0.0,0.0
IGKV2-116,6.025188137786282,0.0,0.0,0.0,0.0,0.0
GM20671,0.0,0.0,2.8098034099465368,0.0,0.0,0.0
TINAGL1,0.0,0.0,1.4286582879558423,2.3429940508178464,0.0,7.1117772200203
BCAM,1.0968070116558943,2.3775672294015235,0.9280019468514837,0.8415345522085753,0.0,0.0
ARG2,1.1095730224529063,1.1100345210241453,1.9146521652826811,2.8692210737917216,0.9211401731960136,10.7944636570662
GM2629,2.2969549769968762,1.132412641913295,1.4489858953512789,5.572093776203046,0.0,0.0
GM26457,0.0,0.0,9.542265663963692,0.0,0.0,0.0
GM50047,5.644238497710593,0.0,0.0,0.0,0.0,0.0
PGLYRP4,0.0,0.0,0.0,0.13584930591345656,0.0,5.11401065062472
LPL,2.58259929583231,1.915852157981472,1.3814586030850449,9.071973257171866,2.822160077377968,5.322921606328311
GM43493,0.0,0.0,8.262273447624297,0.0,0.0,0.0
GM45607,0.0,0.0,0.0,0.0,3.2922382274320654,0.0
MT-TE,0.0,0.0,0.0,0.0,10.355118350498604,0.0
IGHV1-61,9.888740364654502,0.0,4.287968873994046,0.0,0.0,0.0
GM44867,0.0,1.5084317387609658,0.0,0.0,0.0,0.1362160960368664
IGHV14-4,9.982160290690754,0.0,5.23344784284571,0.0,0.0,0.0
GM15334,0.0,0.0,0.0,0.0,5.642315841085429,0.0
ALOX12,0.14402391170652926,0.5815368004585925,0.5186946965603508,0.0,0.4265163970620377,4.385572156854499
GM41821,0.0,0.0,0.0,0.0,4.453480456865923,0.6380701469767143
GM16225,0.0,0.0,6.8202377838615575,0.0,0.0,0.0
CLEC1B,0.8498932998156139,0.0,1.1805713787396184,3.191867756250908,1.4498724865813473,7.581427225410446
8030453O22RIK,0.0,0.0,0.0,5.30603951099698,0.0,0.0
GM34727,0.0,0.0,0.0,0.0,4.377059327766767,0.0
IGKV4-77,7.7104658834056,0.0,2.8460008906471845,0.0,0.0,0.0
GM24044,4.0833765013793,0.0,7.770896213134017,0.0,0.0,0.0
SDC3,5.796743422317572,4.2079701404536305,4.432035626103433,9.090034069889406,2.1154017638459983,4.206864270462912
GM6264,5.804922033988445,0.0,1.5120206670204155,0.0,0.0,2.2144257444941555
GM44911,0.0,0.0,2.683508918395037,0.0,0.0,0.0
IFIT1BL2,1.75724832785556,1.8172180756232987,2.0814646566291177,1.614405993230707,1.1042191439615856,8.467674380529687
GM20406,0.0,0.0,0.0,0.0,1.9075812260962266,8.223068483146028
KCTD12B,0.3759412227014111,1.523282418271918,0.9615020208102621,5.6470494396156825,2.2031800790847047,1.942387168382612
RPL36A-PS1,6.037136902653966,2.8119161584500296,8.744398032127386,4.888665912865556,0.0,0.0
1700030L20RIK,0.0,0.0,2.8728392061736256,0.0,0.0,0.0
GM47967,0.8747687422088644,0.36996147099215215,0.0,0.0,5.5637068381733545,0.9922684806520756
RPL39-PS,3.4669454768365138,0.0,8.492023957858912,0.0,0.0,0.0
TFEC,1.5348171385646876,0.0,0.8727701332483528,7.931520486675001,0.0,0.0
CEACAM18,0.0,0.0,0.0,0.0,0.0,3.7680661358722527
4632418H02RIK,0.817995846019276,1.4371944142832496,0.8135876219226679,1.1137440028146202,0.9975394671199459,6.465951384337565
GM45221,3.6218479699678134,5.0365581836764,3.1049138896170514,3.686891478599127,4.011058825454546,8.817673964415212
GM20703,1.2993490338212692,0.9068837311298237,0.0,6.6866480212852375,0.0,1.5361410697780664
GM6630,0.0,4.584566758360723,3.273512838335235,0.0,0.0,0.0
F7,0.0,0.0,0.0,3.531635709145315,0.0,0.0
P2RY2,1.2406780290026014,1.084262836923088,1.1416751696148815,4.141835042920274,0.0,8.54806659298962
SNHG14,2.9357768783838396,3.053530095526522,3.027728477990176,3.4387778010093495,7.806488173031908,3.954345021609642
GM12038,0.0,0.0,7.692883104432772,0.0,0.0,0.0
INSL3,7.305033385962263,7.609063564341334,10.360850657996842,3.7920093708605025,6.210862837255014,0.0
GM17032,0.0,0.0,2.5889742397756677,0.0,0.0,0.0
IGKV1-133,8.843639610874035,0.0,3.1512542072658043,0.0,0.0,0.0
IGKV6-13,10.409265414070088,0.0,5.817788780610353,0.0,0.0,0.0
TNS4,0.0,0.5470902369353763,1.0021718813444527,7.197092454400069,1.4185870435735133,1.1488015318560771
NOSTRIN,2.381821264461382,0.0,1.1431233607820397,6.187070730637332,0.0,2.2969549769968762
6030468B19RIK,4.477512234317553,0.0,0.0,0.0,0.0,0.0
IGHV5-2,7.777962793592112,0.0,2.056335898923935,0.0,0.0,0.0
GM10059,2.8811837646844873,0.0,7.563589105016542,0.0,0.0,0.0
TNFRSF13C,11.510619971631364,4.760116832371645,6.345123531294195,0.9190333733019262,3.8934717556809693,5.652941505447879
GM28052,0.0,0.0,5.395783959870333,0.0,0.0,0.0
GM22146,0.0,0.0,0.0,0.0,4.616479812344862,0.0
RASGEF1B,8.772902783953612,3.902312138301535,4.081221061703301,4.794474623806826,3.2096207898647595,4.202208728364183
GM37385,4.189372881054592,0.0,0.0,0.0,0.0,0.0
H3C11,2.4624528877091265,4.839920253302504,2.923440871458259,0.0,2.222962937633354,0.0
ANKRD33B,4.134507435928122,1.0732771151663703,1.2678181841725813,2.061403912411108,0.0,9.742937352822665
EDNRB,0.0,0.0,0.0,3.449847520807679,0.0,0.0
TAS2R126,0.0,0.0,0.0,0.0,0.5723612447866601,7.244931740674559
FASL,0.5187765506714265,6.3998025442237605,6.551372623188486,0.7903461211636327,10.040301562237676,1.611374946111033
RAB7B,0.5312338615707866,0.0,1.7535032545774842,7.041103102297125,0.0,3.4869554928269357
GM24468,0.0,1.0909504574315612,0.0,0.2295988701892867,6.770961832639975,1.651195187440725
TRNP1,0.0,0.0,5.866611922577108,0.0,0.0,0.0
SLC2A3,6.708802335481037,7.181776376226224,7.4184289769079825,4.709007974879947,7.910239813479694,11.734930403587665
GM8325,0.0,0.0,0.0,8.629812530693023,0.0,4.6297629968056295
DMKN,0.0,0.0,0.0,6.252192681720212,0.0,0.0
GM43590,0.0,0.0,0.0,4.879324071024946,0.0,0.0
PPP1R3B,2.0922417883687863,3.39286994035867,2.28409407919255,4.48546755549631,4.5358434363085856,9.527739431285466
GM31683,0.0,0.0,0.0,2.757797203001742,0.0,7.390565841098741
ADH1,0.0,6.348014427397123,2.643411679294479,0.0,0.0,0.0
IGKV9-124,11.181386522543077,0.0,6.20976294645209,0.0,0.0,0.0
ADGRG5,0.0,1.174813260831845,10.047187692243579,4.194328906869129,7.433856200102566,0.29978960520167763
GM3512,0.0,2.694704017832991,0.7612886983748819,0.0,0.0,0.0
GM38381,0.0,0.0,0.0,0.0,0.0,3.9473677230696462
GM23202,6.204572336332422,0.0,9.15838429626713,0.0,0.0,0.0
TRBJ2-1,0.0,0.0,0.0,0.0,10.059340964426232,0.0
AA474408,1.6809925638838892,3.5358823890092195,1.4804842666000462,1.9399618650653019,7.17057637858153,3.3537966473370457
DNAH2,0.0,0.198213379817336,0.3427895588303251,5.715421019622495,0.0,1.9181988420835199
GM5960,0.0,0.0,1.639328028726895,8.951468319266308,2.4905165796787836,5.452821375156548
SPATC1,0.0,0.0,0.0,0.0,0.0,6.390871726850145
IGHG2C,5.480147119700755,3.6182343721757175,10.475439834163325,0.0,0.0,0.0
GM50174,0.0,0.29640994290586303,5.077167374440966,0.16010040913006834,0.0,0.6555732572909214
IGKV12-89,10.00503041064791,0.0,4.466463359875167,0.0,0.0,0.0
IGKV4-55,11.403522515237245,0.0,8.192678071711,0.0,0.0,0.0
RAB36,1.1653688103845448,0.0,1.0775387807298353,6.565357067591956,0.0,0.0
STFA3,0.0,0.0,0.0,2.305068764553969,0.0,6.4754561222791835
IGHV1-82,11.73691569920588,0.0,7.317530543344182,0.0,0.0,5.748780459197922
4732465J04RIK,0.20918633369461465,0.6615380771180592,0.42550830517786953,0.9612123987303571,0.665435126498293,7.69206170457589
GM10039,0.0,0.0,0.0,0.0,8.162138668116711,0.0
GM8973,0.0,0.0,3.590981918275957,0.0,0.0,0.0
GM12678,2.999677093464266,0.0,0.0,0.0,0.0,0.0
1700047M11RIK,0.0,0.0,0.7315605303458045,1.670923833417243,0.0,6.752650557076914
IL2,0.0,3.3959540096258047,1.7130414762476154,0.34783818407822054,0.5741759322469174,0.8635748127203295
GM10357,2.065892196336028,0.0,0.0,3.0356348640501083,0.0,8.756103494870734
GM43216,0.0,0.0,0.0,0.0,4.031850659191465,0.0
GM42674,0.0,0.0,10.030617995965677,13.216279568910622,0.0,0.0
KLRA8,0.0,0.0,4.664516100904823,0.0,13.677362938220746,0.0
GM38979,0.0,0.0,2.5649708929749657,0.0,0.0,0.0
SHISA8,5.4568412776100566,0.9660524603524692,1.1542834305079608,0.0,0.0,0.0
FCRL6,0.0,0.0,0.0,0.0,4.451895518793691,0.0
S100A8,0.0,4.965115309782189,11.152815030103309,11.691181258470863,0.0,19.200256090321503
CAR11,1.1634244603203754,2.9245355291882804,5.945225487921782,0.0,0.31236328845821293,0.0
GM37168,0.0,0.0,0.0,2.31448348289873,0.0,6.654187638845658
2900060N12RIK,0.0,0.3946358770020625,0.0,0.0,4.526069822317389,0.5973443821571129
GM49584,0.0,0.0,0.0,0.0,4.629568773468865,0.0
MSR1,1.4134380474881059,0.5902310865741607,1.2884377156994637,9.43607600577561,0.19725400383050212,3.092226502124996
PLCB1,0.0,0.0,0.24915879372570798,6.937138076976977,0.0,0.8415345522085753
PDE8B,0.5657773050868357,0.7399135530856796,0.42289589497115654,4.862891130954829,0.27797678828081335,0.0
ATP6V0C-PS2,0.0,0.0,0.0,3.440738934544086,0.0,0.0
IFITM1,3.792327722288568,3.827150273504266,6.2770963720665645,7.673348201740578,0.0,13.371138617725583
GM6213,0.0,2.631919668871384,0.0,0.0,0.33638834478125335,0.4708380771510426
GM13577,0.0,0.0,0.0,0.0,0.0,6.501209714537858
MYOZ1,0.0,0.0,0.0,3.473053896230427,0.0,0.0
IGHV10-1,10.740773994353532,0.0,5.480781504345714,0.0,0.0,3.107442699185089
GM11713,0.0,0.0,0.0,0.0,6.088740984069897,0.0
GM22442,6.18289174055168,7.390385477131228,10.780253635485796,0.0,0.0,0.0
GM15823,1.7726674157224374,1.5598543551481416,1.2848425693706678,0.0,5.526847564096675,0.0
MAP7D3,0.9450492320701644,0.0,0.9382288494593032,4.493885464493312,0.4279957960818396,0.0
GM48789,8.416172601912216,7.571920354912946,8.328844491809159,8.115115461716861,12.182616757088116,0.0
IGKV5-43,12.303541511621056,1.7928200474497582,8.37168954521912,0.0,0.0,0.0
GM5269,0.18860324117676064,0.0,0.10590075193610696,0.6748310200555253,0.0,5.743987454532304
IGHV5-9,8.937941984772497,0.0,3.44919352121343,0.0,0.0,0.0
GM17535,1.5017961991759123,1.2864183690054394,0.0,0.0,15.644262026436468,0.0
KCNQ3,0.0,0.0,0.0,3.453566862158077,0.0,0.0
GM32220,3.0316976804916367,0.0,0.0,0.0,0.0,0.0
4930417O13RIK,1.2073519791653702,7.9892930027768845,5.617891331097104,0.0,1.252470985368823,0.0
STOM,3.596119131169835,2.7482259346257694,3.108417955606649,10.769826357068489,2.834482793196806,7.078213602646683
MYL2,0.0,0.0,0.0,2.174443518949686,0.0,8.696989543636807
LYZ2,4.019714302159655,5.920614086026941,9.825336765116273,19.200256090321503,3.7450677382458766,15.43844865396865
PTGR1,3.807468663915383,0.9773565485980993,1.7989458513984165,7.539891657272483,2.973681797891827,3.1197542717454594
GM50432,0.0,0.0,7.63595099258626,0.0,0.0,0.0
RPL36-PS10,0.0,0.0,4.601222595711542,0.0,0.0,0.0
GM11168,2.2656599136645887,2.937975955659031,1.904324706886626,0.0,16.702115977226953,4.1386087028169305
CHAC1,3.2908216351095407,0.1934379008005513,1.4055318390530123,1.2139677892147298,0.0,8.193335289266358
GM22486,6.224956809316483,4.6691775118514895,8.838681378402114,3.9637246812067324,0.0,0.0
HMGA1B,0.0,0.0,10.562483675503756,1.236754744077534,0.0,0.0
GM12981,0.0,0.8784037329057857,0.0,1.5211335767564385,1.3983459872079453,5.746731656975399
GM10221,0.0,0.0,0.0,7.969230325064423,0.0,0.0
ZFP111,0.7097612849302886,0.7159430449801174,0.2835792082951279,4.0356062075722665,0.0,0.0
MIR1190,0.0,0.0,0.0,0.0,6.38175297017138,0.0
9530077C05RIK,2.1450944558843967,1.009632774785792,1.4298056084382353,2.918663009641692,1.1461412134575655,7.549217364331719
GM4202,0.0,0.0,0.0,3.2324441566382855,0.0,0.0
TNFRSF25,0.37253620524325415,9.664421199008892,8.146462434107239,1.2584168877633393,3.3969014914400075,0.0
GM8697,0.0,0.12137201673439293,4.214972428228155,0.0,0.0,0.32357357676522774
IGHV3-4,7.088401571702747,0.0,2.07382431168921,0.0,0.0,0.0
IGHV1-79,3.081342960552858,0.0,0.0,0.0,0.0,0.0
DLK2,0.0,0.0,2.6908544201639053,0.0,0.0,0.0
